rank,name,overall_score,memory_score,nsfw_support,voice_calls,price_month,annual_month,trains_on_user_data,lab_url
1,Candy AI,9.6,9.2,Fully Uncensored (Zero Filter),Yes (Ultra-low latency audio),$13.99/mo,$3.99/mo ($47.88/yr),Yes,https://crushcritic.com/candy-ai-review-2026-features-pricing-honest-verdict/
2,Kupid AI,9.2,8.8,Fully Uncensored,Yes (Custom voice profiles),$14.99/mo,$7.49/mo ($89.88/yr),No,https://crushcritic.com/kupid-ai-review/
3,Kindroid,9.0,9.8,Uncensored Roleplay,Yes (High fidelity voice calls),$13.99/mo,$9.99/mo ($119.88/yr),No (Isolated tenant),https://crushcritic.com/kindroid-review/
4,Nomi AI,8.9,9.5,Uncensored Roleplay,Yes (Voice messages & call mode),$15.99/mo,$8.33/mo ($99.99/yr),No,https://crushcritic.com/nomi-ai-review/
5,DreamGF,8.7,8.0,Fully Uncensored,Voice message playback,$19.99/mo,$9.99/mo ($119.88/yr),Yes,https://crushcritic.com/dreamgf-review/
6,Muah AI,8.5,8.2,Fully Uncensored (Zero Filter),Yes (Real-time voice calls),$14.99/mo,$9.99/mo ($119.88/yr),Unstated,https://crushcritic.com/muah-ai-review/
7,Character.AI,8.3,8.5,Strictly Filtered (PG-13),Yes (Character voice streaming),$9.99/mo,$9.99/mo,Yes,https://crushcritic.com/character-ai-review/
8,Replika,8.1,8.0,Moderate Filter (ERP Paywalled),Yes (Real-time 3D voice calls),$19.99/mo,$5.83/mo ($69.99/yr),Yes,https://crushcritic.com/replika-review/
9,SpicyChat,8.0,7.6,Fully Uncensored,Text-to-speech audio,$14.95/mo,$12.50/mo ($149.99/yr),Unstated,https://crushcritic.com/spicychat-review/
10,Crushon.ai,7.9,7.5,Toggleable NSFW Filter,TTS voice preview,$14.90/mo,$9.90/mo ($118.80/yr),Yes,https://crushcritic.com/crushon-ai-review/
11,GirlfriendGPT,7.8,7.2,Fully Uncensored,Voice clip replies,$14.99/mo,$9.99/mo ($119.88/yr),Unstated,https://crushcritic.com/girlfriendgpt-review/
12,Janitor AI,7.7,7.8,Fully Uncensored,None,Free / API,Free / API,Unstated,https://crushcritic.com/compare/
13,Chub AI,7.6,8.4,Fully Uncensored,None,$5.00/mo,$50.00/yr,No,https://crushcritic.com/compare/
14,Talkie AI,7.4,6.8,Filtered (Mobile App Store Compliance),Yes (Preset character audio),$9.99/mo,$5.99/mo ($71.88/yr),Yes,https://crushcritic.com/compare/
15,PolyBuzz,7.2,6.5,Moderate Filter,None,$9.99/mo,$7.99/mo,Unstated,https://crushcritic.com/compare/
16,Linky,7.0,6.4,Filtered (App Store Compliant),Audio clips,$11.99/mo,$7.50/mo ($89.99/yr),Yes,https://crushcritic.com/compare/
